isch,is
ich,I
du,you
es,a
das,the
mir,to me
de,the
was,what
e,a
si,she/they/to be
s,the
hesch,you have
d,the
ha,I have
jo,yes
scho,already
und,and
i,in
wie,how
z,to
nid,not
am,to the/at/on
für,for
gärn,to like
mit,with
uf,to/for
so,so
bisch,you are
gsi,past tense
im,in the
guet,good
het,it has
aber,but
do,there
bi,I am
sind,they are
hend,we have
no,still
au,also
wo,where
cha,I can
wenn,when/if
vil,too much
oder,or
vo,of
er,he
nei,no
dir,to you
jetz,now
mache,I make
go,to do
chasch,you have
ir,you/they
chum,to come
münd,we must
kei,no (negative)
chli,little
goht,he/she goes
em,a
öppis,something
di,to you
gönd,we go
sehr,very
chönd,we can
sicher,definitely
goh,I go
üs,our
dass,that
wii,wine
mues,I must
det,the
a,to
gha,had
schwiiz,Switzerland
hüt,today
wär,who
einisch,once
oh,oh
wider,again
nur,only
immer,always
mer,we
zum,to
lueg,to look
lang,long
doch,but
ziit,time
schwiizer,Swissian
gseh,I saw
mini,my
dini,your
gohsch,you go
dä,there
he,
wallis,
machsch,you make
grad,right now
us,us
züri,Zurich
denn,then
mal,time 
danke,thank you
chömed,come
hund,dog
lieber,rather
vor,before
mol,time
wau,wow
bitte,please
git,gives
liebe,I love
gmacht,made
dehei,at home
schaffe,to work/do
mich,me
zug,bus
tag,day
fahre,I drive/go
sich,itself
wottsch,you want
tue,I do
mine,my
genau,exactly
die,the
vilicht,maybe
alles,everything
macht,I make
aa,towards someone?
meh,more
dine,your
gö,go
eifach,simply
mäntig,monday
mi,my
zäme,together
klar,clear
tuesch,you do
uus,out
sii,to be
chind,child
dem,the
als,as
cho,I come
tuet,does
würklich,really
diis,yours
dich,you
besser,better
gäll,isn't it
chunsch,you come
öpper,someone
beschte,best
woäne,where to
über,about
dänksch,thanks
rede,I say
mached,made
wiso,why
schnäll,fast
tsiischtig,Tuesday
vom,from the
ganz,entire
kafi,cofee
muesch,you must
möcht,would like
üsi,our
würd,would
hünd,dog
miis,my
könnsch,can
alli,all
weles,which
viel,a lot
chö,come
ah,oh
los,go
bis,until
lose,I listen
mega,mega
chaufe,to buy
mängisch,sometimes
hei,home
diim,your
lüüt,people
nümm,no more
nöchschte,next
schtrom,I don't know
schii,snow
zwöi,two
möchtisch,you would like
problem,problem
französisch,french
ja,yes
nüüt,not
probiert,he tries
you,du
super,super
to,to
musig,music
gnueg,enough
is,is
chume,come
issisch,you eat
ne,no
bald,soon
reis,travels
guete,good
öich,you (formal)
mach,do
luscht,lust
schproche,speaks
wält,world
gäld,money
nime,take
trinksch,you drink
sache,thing
jede,every
ab,down
liebschte,loves
glück,luck
hunger,hunger
schwümme,I swim
auto,car
nie,never
gwüsst,knew
wird,will be
bier,beer
richtig,right
chunt,comes
nonig,not yet
anderi,different
glaub,I believe
obig,evening
schön,beautiful
luege,I look
schatz,sweetheart
wasser,water
momänt,moment
zue,to
zoo,zoo
bei,leg
wott,I want
weisch,you know
iri,to/for
frau,woman
trinke,I drink
jetzt,now
weiss,I know
fitness,fitness
schtimmt,correct
dusse,outside
fründe,friends
finde,I find
mittwuch,Wednesday
angscht,fear
um,to
äne,over there
ohni,without
findsch,you find
leid,suffering
chalt,cold
chunnt,comes
brienz,Brienz
eric,eric
näf,näf
ässe,I eat
wohär,where from
wohnig,apartment
bitzeli,little
hälfe,help
sunntig,Sunday
hoi,hi
emene,a
parat,ready
the,the
morn,tomorrow
uuf,up
donnschtig,thursday
oje,oh
konzärt,concert
träniere,to train
turne,turned
weh,pain
anders,other
grüezi,hello
ihr,you
zrugg,back
schöne,beautiful
wäg,because of
sie,they
nume,only
wätter,weather
johr,year
zvieri,afternoon snack
maa,maybe
berüehre,to touch
lueged,lied
sini,his
voll,full
minere,mine
keis,none
underwägs,on the way
reded,I read
bruuche,I need
schwiizertütsch,swiss german
läbe,life
gange,went
sorge,worry
hätti,would have
zahled,paid
tüür,door
hallo,hello
morge,morning
velo,bike
elei,alone
gar,at all
söll,should
sölle,should
schöns,beautiful
lädele,shop
erschte,first
zmorge,breakfast
lieder,songs
badi,bath
sushi,sushi
zu,to
röschti,röschti
reise,travel
fahrt,to drive
tönt,sounds
sion,sion
meinsch,you think
daf,unclear
weli,which
hundeguetsli,cookies
buuch,stomach
rebecca,Rebecca
ine,none
abe,down
wivil,how many
gfallt,falls
schlimm,bad
ok,ok
tanze,I dance
komplimänt,compliment
and,and
schultere,shoulders
lüüte,call
redt,speaks
träffe,meet
wuchenänd,weekend
pause,pause
ferie,holidays
üses,use
probiere,I try
fuess,foot
mh,mm
drum,
heisst,is called
wünsched,wish
siite,side
noch,still
familie,family
würdsch,would
gueti,good
leider,unfortunately
garte,garden
eis,one
wohl,probably
samschtig,Saturday
choschtet,costs
dänkt,thinks
norde,north
nöis,new
merci,thanks
wichtig,important
schtress,stress
passiert,happens
öppe,about
rächt,right
grosse,big
fläsche,bottle
villicht,maybe
verschtohsch,you understand
sött,should
plausch,fun
gulasch,Goulash
gseit,said
wäge,because of
schtund,hour
defür,for
redsch,talks
friitig,Friday
vergässe,forget
chopf,head
verschtoh,understand
bahnhof,train station
guets,good
bruuched,needed
wölle,want
bescht,best
tram,tram
buech,book
üebig,practice
lost,life
säged,said
want,want
glohnt,to have
druf,on it
nacke,neck
hüfte,hip
priis,price
gäbig,convenient
bärge,mountains
hey,hey
fahred,drove
pilz,mushroom
gfunde,found
bilet,ticket
möchted,would like
möglich,possible
fertig,finished
heiss,hot
wältundergang,world ending
internet,internet
schpared,saved
loh,perhaps
also,so
in,internet
losisch,you listen
fit,fit
mond,month
ort,place
chönne,can
lied,lied
glost,shone
hulahop,hulahoop
herr,mister
füf,five
gäge,walked
näh,take
gäh,I give
bliib,I stay
gläsli,small glass
bärn,bern
lieb,love
huustier,pet
bruuchsch,you need
lo,
schwirig,difficult
losed,closed
schiff,ship
gnüssed,enjoy
verzell,tells
devo,I have to
schoggi,chocolate
schöni,beautiful
fribourg,Friborg
leine,leash
schpaziere,stroll
pass,pass
ga,go
mü,must
laufe,run
ufe,up
mag,to like/continue
süsch,otherwise
halt,stop
hüüfig,often
schwiz,swiss
mueter,mother
ersch,first
letschte,last
norwege,Norwegian
plötzlich,suddenly
säge,to say
leere,empty
bim,at
perfäkt,perfect
hundebsitzer,dog owner
brave,brave
dressiert,desesrt
nimmsch,you take
chönnted,could
händy,phone
use,use
natürlich,naturally
lieblings,favorite
paul,Paul
chochsch,cook
grossartig,great
vater,father
glas,glass
schpare,save
müsse,must
dinere,your
sogar,even
schpannend,exciting
poschte,possessions
ghört,heard
fescht,party
wuche,week
bliibe,stay
znüüni,morning snack
tünd,do
sitz,seat
dezue,to it
billet,ticket
müed,tired
möchti,would like
sötted,should
fastfuud,fast food
schpöter,later
welem,which
schwiizerdütsch,Swiss German
leersch,empty
miim,mine
minute,minute
choche,cook
sitte,custom
dene,yours
hilf,help
schpontan,spontaneous
drus,out of
schwede,Swede
finnland,Finland
chalte,cold
überall,everywhere
arbet,work
andersch,different
summer,summer
füess,feet
bewege,move
wohne,live
sälber,themselves
dafsch,you are allowed to
wele,which
fein,tasty
ii,inside
gschicht,story
wiiter,further
wald,forest
fröie,excited
mami,Mom
chönnti,could
schpeziells,special
reisisch,travel
fondü,fondue
achti,eight years old
nüt,nothign
zahlsch,pay
kanton,canton
matterhorn,matterhorn
zwei,two
dütsch,German
schwiizertüütsch,Swiss German
wiit,far
geschter,yesterday
polizei,police
tisch,table
kuul,hears
vore,before
wandere,wander
zucker,sugar
schpringe,jump
schaffsch,to work
platz,place
billiger,cheaper
online,online
entschpanne,relax
schpile,play
gäbed,gave
schätzeli,sweetheart
niemer,no one
what,what
of,often
gib,to give
hilft,helps
händ,
früschi,fresh
luft,air
füürwärch,fireworks
david,David
heimatland,homeland
miete,rent
sali,salt
südweschte,southwest
underwallis,Underwallis
oberwallis,Oberwallis
wallisertütsch,Walliser German
chuderwälsch,gibberish
wirklich,really
oberwalliseri,of oberwallis
underwalliser,Walliser
wallisertüütsch,wallis dialect
fän,fan
walliser,a person from Wallis
uuftue,I open
gschpür,feel
trümmlig,clumsy
töönt,sounds
bsoffe,drunk
heifahre,drive home
wasserchraftwärk,hydroelectric power station
aletschgletscher,Aletsch Glacier
thermalbäder,thermal baths
produziered,produced
usser,outside
schproch,speak
redet,says
dihei,at home
wallissertütsch,valais dialect
liebste,dearest
wönd,want
hole,to get
iilade,to invite
üse,use
blätter,leaves
nöchscht,next
paar,few
sit,since
nöii,new
nöi,new
nase,nose
schtrosseputzer,street cleaner
auf,on
know,know
your,your
öb,
schport,sport
träning,training
sandee,sometime/somewhere
ihm,him
dr,the
luschtig,funny
richard,Richard
ire,their
alkohol,alcohol
chleider,clothes
wirsch,becomes
schnäller,faster
döfed,must
chorb,basket
wart,wait
gsehsch,you see
uusflug,trip
beschti,best
schtarch,strong
pizza,pizza
enere,a
monet,
nochbere,still ready
okay,okay
idee,idea
natur,nature
passiere,happen
tee,
eigentlich,actually
dere,that
see,see
gleert,
verloh,lost
suppe,soup
büsi,cat
erhole,recovers
pressiere,pressured
politik,politics
säg,say
gsehnd,we see
träffed,met
gfalle,fall
ziil,goal
eini,one
gseht,he sees
debii,in
folget,follow
erläbt,experience
bruucht,she needs
geduld,patience
kilometer,kilometer
kasse,checkout
gwunne,to win
verdient,earns
fisch,fish
wohr,true/truthful
chliini,small
gschprunge,jumped
lings,left
ume,around
anna,Anna
10,ten
mis,mine
verlore,lost
sammle,collect
buure,farmer
schteil,part of 
bsueche,search
8i,eight years old
hüehner,chickens
schpot,late
warte,wait
pro,
bequem,comfrotable
uussicht,view
winter,winter
abentüür,adventure
keine,none
zahle,pay
kathrin,Kathrin
üsem,are
bade,bathed
dusche,shower
schpilt,he plays
nöie,new
drink,trinke
obe,over
schiilehrer,school teacher
sitzed,sat
rega,rain
ändlich,finally
dra,there
genial,genius
bruuch,need
nimm,take
flüüged,fly
liebschti,love
alain,
berset,Berset
helde,held
gschänkli,present
seit,since
wow,wow
vieri,four
gschribe,write
absolut,absolute
chaufsch,you buy
wohi,where to
sine,your
ihre,their
muss,must
versuecht,tried
tagessuppe,soup of the day
rande,range
servis,service
restaurant,restaurant
waiter,waiter
like,like
drü,three
turischte,do
längschti,longest
schtimmig,agreeable
wohnsch,you live
gsicht,face
elleboge,elbow
muskelkater,muscle soreness
aalüüte,hears
weckt,wakes
schnuer,laces
siim,his
sitzt,sits
buur,farmer
chüeh,cows
perron,platform
zügle,move
da,there
hmm,hmm
halbi,half
huus,house
fahrsch,to drive
all,all
flicke,to fix
langsamer,slower
plän,plan
heizig,heated
nicht,not
chärzli,
versueched,tried
kreativi,creative
schtromrächnig,current-driven
händyrächnig,accounting
beschwäre,complain
langsams,slowly
degäge,go
zämenhaa,together
ahnig,idea
dänke,think
perfekt,perfect
interessant,interesting
passt,fits
bierli,a little beer
bringe,bring
richtigi,correct
schiifahre,skiing
en,a
fix,fix
rentner,retiree
unde,under
schtadt,city
magsch,like
rose,rose
general,general
chliine,small
nöimed,take
meischter,master
bsitzer,owner
zeig,show
ihn,him
gemacht,made
biischpil,example
dim,to you
reschtorant,restaurant
schiilift,ski lift
schneeball,snowball
wunderbar,wonderful
ou,
podcast,podcast
nöchi,
oberschänkle,upper leg
handschtand,handstand
chlättere,climb
eifachi,easily
fähig,able
zueluege,watch
nordic,Nordic
walking,walking
herte,hard
wiiterhin,furthermore
erfolg,success
träniersch,train
schtoh,to get up
büüge,
welere,
körperpartii,
traum,dream
bock,
tennis,tennis
luna,Luna
aaglüüte,to call
fascht,almost
aaluege,look at
dokter,doctor
nämed,named
ires,
pilzli,mushrooms
ermässigunge,discounts
churz,short
früeh,early
füür,fire
vorsichtig,catious
übercho,come over
allem,all
glaube,I believe
entschuldigung,excuse me
wohnt,lives
länder,countries
lönd,land
uufruume,
sisyphus,Sisyphus
zmittag,lunch
wö,
täg,day
sächsi,seven years old
willkomme,welcome
süesses,sweet
bsunders,
früener,earlier
schtau,
panik,panic
organisiert,organized
grossi,big
hinder,behind
under,under
oschtere,Easter
bringt,brings
ganzi,whole
noche,night
putzwägeli,cleaning cart
unbedingt,absolutely
lohnt,worth it
diät,diet
bällt,
duurend,lasting
rigo,
schtop,stop
erzieh,educate
ihne,them
passantin,passerby
zeigt,shows
anfang,to start
belohne,
belohned,
fu,
schtröinendi,
brav,
vorschpiis,
are,
heb,
warted,
drüber,
peter,
sunne,
vier,
mitcho,
radio,
alt,
komisch,
gschaffet,
huehn,
usegoh,
gliich,
frei,
chatz,
sarah,
iiladig,
rächts,
bireweich,
2,
pilzle,
eine,
findet,
glücklich,
schwarz,
gross,
zähni,
gnau,exactly
fische,
hasse,
beschäftiget,
schtell,
huufe,
sach,
duured,
rüeft,
feigling,
schwätzed,
bereite,
schtube,
chalts,
teil,
unkel,
echt,
wildnis,
usse,
längeri,
welne,
gfrörli,
hecht,
besseri,
heissed,
würdisch,
reto,
bus,
andere,
näbe,
vulkan,
wohnort,
dänk,
zuekunft,
wiehnachte,
luegsch,
dütschi,
beizli,
iicheere,
hirsch,
richtige,
zur,
vegetarisch,
bringed,
for,
würded,
foht,
zwöite,
getränk,
wunderschön,
liecht,
mundart,
sinn,
dschogge,
gschtohle,
luegt,
chliises,small
anke,buttter
gnüsse,
zimmer,room
brasilie,Brazilean
jänu,
hufe,a lot
sibe,
finger,
glace,
verschideni,
kroatie,
hocke,
möged,
6,
undernäh,
hätted,
chue,
reist,
rabatt,
brüeder,
läbsch,
mönet,
okei,
mittwuchmorge,
tut,
mieti,
froge,
kauft,
uusmischte,
löcher,
widerhole,
zletscht,
windig,
zeige,
znacht,
we,
wünsche,
aafoh,
witz,
maschine,
gmüetlich,
beidi,
fiire,
wilkomme,
brönnt,
schpezialitäte,
fiinschmöcker,
euses,
währschafti,
chline,
snack,
biispiil,
mohnschnäggli,
rivella,
churzi,
dschwiiz,
läderach,
schoi,
vegetarier,
veganer,
probiersch,
rette,
politiker,
chätzli,
sueche,
nacht,night
eier,eggs
frohi,
gisch,
termin,
ändschtation,
abgmacht,
schtudiert,
uni,
wi,
autobahne,
raser,
gopfridli,
vile,
dörfli,
cheered,
fahrzüüguuswiis,
fahruuswiis,
vignette,
schtrosse,
tempolimite,
nöchschti,
tankschtell,
parkiere,
chueche,
döfe,
empfähled,
hauptgang,
pressier,
schätzli,
wartet,
bränntelet,
swiss,
at,
if,
order,
empfähle,
gliiche,same
hitzgi,
schiiferie,
schlacht,
eltere,
hätt,
je,
gägesiitig,
begeischteret,
züg,
suuber,
billig,
tüürschte,
seisch,
werum,
indie,
mumford,
amp,
sons,
pop,
schtimm,
wild,
schweizer,
hit,
gölä,
patent,
ochsner,
west,
schänke,
härz,
dur,
eigetlich,
mani,
matter,
hemmige,
klassiker,
dynamit,
lustig,
texte,
tüüfgründig,
witzig,
alltäglichi,
ufgnoh,
lieblingslied,
sidi,
abdel,
assar,
el,
hama,
martin,
o,
version,
reber,
hammer,
ehrlech,
härzlich,
entgäge,
wiehnachtslieder,
singed,
wei,
aazünte,
live,
fourty,
fingers,
gitarrischte,
krass,
irne,
gitarre,
uusverchauft,
liebscht,love
musiker,
streaming,
volksmusig,
volkslieder,
lieblingspodcast,
ruig,
verbii,
riisigs,
umeschpringe,
motiviert,
passed,
film,
ruiger,
chnöi,
rot,red
erinnerige,
närvt,
geburtstag,
tschutte,
bebeli,
funktioniert,
aaschtosse,
erschti,
lauft,
gricht,
amix,
rom,
50,fifty
telefonnummere,telephone number
schpital,
fluss,
meischte,
giftig,
tip,
trifft,
änd,
eifachs,
schtudänte,
pensionierti,
gsuecht,
liit,
person,
antwort,answer
gschäft,worked
toh,
äng,
hose,pants
cool,
schtecke,
bessers,
sunnig,
vorgeschter,
bues,
rüebli,
fründin,
silväschter,
kreativer,creative
voruus,
schritt,
würkli,
üsere,
schiischuel,
heisse,
ruedi,
öie,
hopla,
gondeli,
schtromuusfall,
verlass,
höchschti,
verfrüüre,
hüttli,
gmüetlichs,
schal,
schmin,
wärmed,
wärmendi,
schuel,
dritte,
greist,
zieh,
proscht,
polizischt,
felsschturz,
planet,
plan,
amerikaner,American
bundespresidänt,
bedanke,thank
supermän,superman
interessiert,
bundesrot,
brot,bread
matte,
sebaschtian,Sebastian
entscheide,decide
wem,to whom
zwar,
definitiv,
plansch,
traumbruef,
gwählt,
Aug,
grössi,big
viertel,
läck,
tschimmi,
berote,
nim,
bekannt,
kicherärbsli,
tropfe,
enttüüscht,
salzig,
wenig,
verbrönnt,
troche,
fad,
glaubed,
serviere,
schlächte,
schrecklichi,
positiv,
schtärn,
real,
life,
german,
reserviere,
whats,
menu,
asks,
youre,
ready,
dont,
choose,
eat,
ask,
recommendation,
soups,
soup,
day,
refill,
friend,
orders,
something,
that,
would,
try,
out,
too,
lift,
alter,
schlächt,
chönntisch,
weniger,
schriib,
triffsch,
lange,
schönscht,
verbiifahre,
aachunnt,
reporter,
interview,
reisende,
grandiosi,
unglaublich,
iidrücklich,
bahn,
längschte,
bequemer,
ökologischer,
öffentlichi,
vercheer,
gaes,
abonama,
schlüssel,
schad,
tier,
bruch,
schwümmbad,
hündli,
chleid,
ghöre,
total,
froh,
fühlsch,
gäscht,
schrecklich,
entschpanned,
schoggischtängeli,
gohts,
tönet,
schloh,
probiered,
ramensuppe,
lad,
schwizer,
erinneret,
chindheitserinnerige,
schaltjohr,
haue,
usechunnt,
asiatischi,
wirkig,
uusglasse,
verträge,
beschtimmts,
mönü,
bsundrigi,
schtohsch,
mcdonald,
aggressive,
marketing,
mcdonalds,
co,
erloubsch,
houe,
büseli,
snouborde,
hocksch,
haha,
läär,
schtändig,
biindli,
hilfe,
zfride,
fleisch,
judihui,
schtange,
chueh,
sinere,
gliichfalls,
mitgnoh,
billigschte,
turischt,
rötuurbilet,
rötuur,
halbtax,
bitzli,
müsst,
härzigs,
pullover,
erschts,
wächsle,
ewäg,
fründ,
prosit,
nöijohr,
schniide,cute
wunderbare,
umeliit,
fliissig,
schpendiere,
hujj,
wind,
ojemine,oh dear
ziitverschwändig,time-consuming
aapacke,
lösig,
elektrische,
matratze,
pumpi,
schenii,
verzage,
hämpi,
frage,
tränke,
hand,
gschafft,
letscht,
vorwärts,
zersch,
flug,
abhole,
aare,
gibe,
mitenand,
gässe,
verschteckt,
oschterhaas,
versueche,
kultur,
uufpasse,
tagescharte,
gültig,
mitternacht,
zwoi,
luki,
paula,
han,
filosof,
besen,
amazon,
freiwillig,
besunders,
humor,
schöön,
altschtadt,
kathedrale,
brugge,
saane,
überrasch,
abonema,
uusflüg,
wälschland,french-speaking region
lieblingsort,
nöcheri,
michel,
umkleidekabine,
b,
ganze,
kaputt,
wünscht,
läse,
sässelilift,
panne,
dunde,
milch,
trink,
bruche,
firma,
mindeschtens,
fröid,
luut,
schmöckt,
schpil,
frankriich,
lozärn,
tüpflischiisser,
ewig,
bruef,
fremdi,
wc,
lina,
hockt,
rueh,
öppedie,
füf,
zwänzg,
gumpet,
zäh,
alte,old
gfange,
uufgäh,
verzelle,to sell
elefante,
tröimt,
verfolgt,
schiss,
rosa,
elefant,
schpaziergang,
usserdem,
lust,
ist,
dialog,
sekunde,
gloffe,
renne,
chopfweh,
fröit,
chleidergschäft,
schiggi,
iichaufe,
kreditcharte,
schmärze,
fantastisch,
abfahrt,
uufschtiig,
grossmutti,
öpfle,
junge,
grosseltere,
sackmässer,
gschtresst,
zwölfi,
iiglade,
verletzt,
fröied,
melanie,
schwanger,
geri,
wehe,
schwöschterli,little sister
schtille,
schteffi,
juli,
gschwüschteti,
lärm,
pauernuk,
lüüted,
hitz,
bsuech,
uusleihe,
zahlt,pays
automat,
mälde,
haftpflichtversicherig,
packt,packs
chäller,
bschtelle,
grossmami,
röiber,
gluegt,
bizli,
hock,
gopferdeckel,
9,nine
11,eleven
24,twenty four
60,sixty
sorg,worry
süchtig,
lüütisch,
fenschter,
dessert,
schmid,
hol,
lüüchtet,
nöch,
aalänge,
riich,
sammelt,
sammelisch,
verirrt,
schale,
top,
entschuldiged,
umschtige,
duruf,
durab,
typisch,
ablige,
schönschti,
region,
halbs,
dick,
schwöschter,
ehm,
wartelischte,
chönnt,
duure,
äh,
interessänte,
campingplatz,
ziischtig,
adee,
üsne,
picked,
blueme,
schlimms,
angst,
länger,
wohnigsbesitzer,
mietisch,
wohnigdiis,
eigeti,
beschtellsch,
lieblingspizza,
büro,
ander,
schparsöili,
ufghört,
rauche,
emanuel,
papa,
bring,
forälle,
chischte,
nutze,
mönsche,
oj,
frog,
hützutag,
sammler,
röit,
furt,
gheie,
lohsch,
kaputti,
uusgmischtet,
letschts,
schparsch,
bargäld,
iiserni,
resärve,
minimalismus,
grossartigi,
wunderbari,
irgendwo,
schief,
rüere,
übermorn,
tschuldigung,
verschtande,
nomol,
hochdütsch,
häsch,
usländer,
meinig,
verruckt,
fiired,
abwäsche,
uusgang,
üebe,
noh,
bett,
schlittle,
italie,
auguscht,
ein,
schtarchi,
ebe,
näme,
hälfed,
dank,
nötig,
öii,
partneri,
könnegleert,
repariere,
bache,
krücke,
praktisch,
langsam,
schtudiere,
flüüge,
gfloge,
bänkli,
oli,
baum,
keini,
gfahre,
achtung,
ruth,
ängi,
nummer,
äpp,
zvv,
bahnhofschtross,
sächser,
glückspilz,
eth,
huet,
wältranglischte,
bitteeee,
uusschtiige,
5i,
diräkt,
vercheersmittel,
tramd,
büs,
änderisch,
bruefs,
lieblingstier,
gipfeli,
vilmol,
öpperem,
gchauft,
frücht,
golf,
viertl,
golfe,
franke,
gschpilt,
mittag,
nomittag,
nervös,
vorschtelle,
hoffe,
gruppe,
schtoppet,
abgheit,
einti,
schtiig,
waggligi,
verwütscht,
sara,
gemein,
zeigs,
winterferie,
reagiere,
winterschport,
schlachte,
normalerwiis,
fühle,
mittagsschlöfli,
uufschtoh,
gfrogt,
entscheidig,
halb,
konkreti,
bileet,
süess,
heissisch,
liferant,
hinde,
caf,
schance,
tische,
worde,
ereignis,
lisisch,
sälte,
hundert,
zermatt,
luzärn,
warm,
älter,
zahweh,
putze,
gröscht,
grosses,
cuafför,
schtoht,
trotzdem,
müehsam,
park,
ihri,
bueche,
reservation,
chüelschrank,
blöde,
rüefe,
wachsam,
träneri,
dorf,
auge,
gredt,
wiisses,
uusgseht,
traktor,
brämse,
schüür,
fröhlich,
schwanz,
gwädlet,
folge,
träner,
ti,
suechsch,
kommentar,
ehrlich,
köschtlich,
tal,
schwäri,
abefahre,
flacher,
aalauf,
ideali,
schanze,
weichi,
sauornig,
kofere,
fröisch,
soo,
aha,
sibni,
demit,
lisa,
ghulfe,
fühled,
schmärzmittel,
ofe,
chuchi,
achte,
sofort,
appetit,
sibete,
aafang,
sunneschii,
decki,
rohrbruch,
nochber,
ade,
erwarte,
heimat,
nochberi,
schruube,
luuti,
mr,
singe,
schpassverdärber,
unvergässlichi,
schmützeli,
härzallerliebschti,
besinnliche,
party,
mueterschproch,
söttsch,
gälb,
blau,
wärde,
umbedingt,
duschi,
ei,
branson,
train,
packe,
hättisch,
meischtens,
unfall,
wöschchuchi,
täschli,
bäckerei,
schriibtisch,
schublade,
bruched,
mm,
truurig,
chinder,
velowäg,
parkplatz,
schtross,
debi,
sandra,
poscht,
weggli,
land,
niene,
troffe,
filme,
jungi,youthful
möge,may
schach,
sofa,sofa
chindsgi,
dialäkt,
oschternäschtli,
schnause,
ruedere,
schparsam,
3,three
7,seven
29,twenty nine
40,forty
empfang,reception
akku,battery
adam,Adam
instagram,Instagram
entschpannend,relaxing
wiisswii,white wine
pult,desk
wer,
klare,
cämpe,
chinderschpil,
cervelat,
brötle,
verflixt,
uusgrächnet,
ersatzrad,
poschtauto,
idyllisch,
sibirische,
tundra,
blibe,
rad,
zivilisation,
bewölkt,
wil,
frogsch,
charte,
unterricht,
tschegge,
find,
gsund,
nach,
filip,
time,
rutsch,
rahm,
aabrötle,
okej,
ärde,
ch,
hindere,
rächte,
glaubsch,
hochziit,
wunderbars,
fäscht,
tanzt,
letschter,
gang,
ersiees,
muess,
sophie,
füetere,
veterinär,
zähte,
juni,
elfi,
sälbschtverschtändlich,
schtrömig,
lade,
bruno,
argentinie,
sächste,
partner,
velotuur,
alts,
gfühl,
zwöit,
uusred,
tschuld,
oschtereier,
tulpe,
duschet,
suech,
glandet,
gritte,
fremde,
angschthaas,
könne,
pul,
saftig,
renn,
uusbroche,
sicherheit,
exotischi,
interessiersch,
aagebot,
uusverchauf,
aaprobiere,
wiehnachtsgschänkli,
bh,
erhältlich,
black,
friday,
ohre,
cow,
wiehnachtsgschänk,
döffe,
scheibe,
schiibe,
versicherig,
übernimm,
wünschisch,
pensioniert,
gläse,
salot,
nimmt,
desser,
pl,
zürich,
yerba,
mate,
grüentee,
käfele,
espresso,
fürobig,
abhängig,
grosszügiger,
jugend,
inveschtiere,
heimatdorf,
vermisse,
red,
devise,
intensiv,
schtarte,
regelmässig,
uusgisch,
setz,
klaars,
mögligkeite,
papier,
entscheidige,
schwirigscht,
nöijohrsvorsätz,
schriibsch,
teilsch,
teilti,
doppleti,
teilts,
integriert,
büdsche,
abwäschmaschine,
mixer,
bilderbuech,
fride,
aperitif,
wänd,
öpis,
lektion,
wir,
raclette,
blöd,
ermässigung,
lamaschi,
adrässe,
gluunt,
egge,
zmitzt,
hans,
merkt,
irgendöppis,
verschwunde,
heitere,
bimbam,
frogt,
gmerkt,
schtreich,
misstrauisch,
irgendöpper,
diskutiered,
trese,
meint,
schtäle,
uufgruumt,
unmöglich,
vorhär,
verzwickti,
aazeig,
unbekannt,
erschtatte,
schtähle,
betrüger,
inegheit,
überwiisisch,
diebschtahl,
mäldet,
detektivgschichte,
mitrote,
krimi,
gchochet,
gratuliere,
suecht,
uusgoh,
hürote,
hochziitstag,
schtei,
zwöihundert,
wäred,
hä,
m,
tüürer,
verdiene,
zahnarzt,
grössere,
muul,
hebe,
wunderschöne,
nummere,
id,
schaffed,
rächnig,
chrank,
viktoria,
telefon,
ewigkeit,
här,
schüss,
garderobe,
lässigi,
sportlichi,
elegants,
paschtellfarbe,
akris,
megaguet,
diskret,
typ,
grüene,
hömmli,
grawatte,
muschteret,
treisch,
lieblingsmarke,
schportlichi,
freiziitmode,
chleidig,
chlii,
rügge,
persönlichi,
held,
schtolz,
gepäck,
halsweh,
zibele,
energii,
ässbar,
liebi,
suuri,
zwäg,
grossmueter,
handgepäck,
gmeint,
hüüsli,
bsetzt,
weder,
flughafe,
normal,
chünded,
luschtige,
meined,
änglisch,
füfi,
ersetze,
abligge,
furchtbar,
gschirr,
schaff,
runde,
fühlt,
ghörsch,
blüetet,
schwinge,
gewünner,
muni,
schwingerkönig,
tradition,
härdöpfel,
wäsch,
gnüssisch,
chäs,
vergrösseret,
jüngschte,
welete,
singel,
eva,
sowiit,
hüete,
fruchtblose,
platzt,
chinde,
familiemitgliid,
fiin,
mame,
hebt,
brüelet,
görpsle,
schiinbar,
26ischte,
öiem,
sahra,
duregschlofe,
völlig,
übermüeded,
fraue,
geburt,
komplikatione,
johrgang,
jünger,
kaiserschnitt,
gschlofe,
tropfet,
name,
chan,
felix,
wiiterhälfe,
sosse,
iipacke,
nickerli,
zwöiti,
dritti,
vierti,
füfti,
märz,
doing,
on,
entschide,
tessin,
grüen,
orangsch,
violet,
rosarot,
schwiizeri,
bundesröt,
abschtimme,
schnuufe,
nougat,
ströisel,
füürwehr,
aazieh,
konduktör,
gsässe,
gratis,
take,
schtaubsuuge,
gscheh,
fleischnbsp,
riis,
herdöpfel,
tomatesose,
hm,
ovo,
schrott,
frächheit,
schupf,
kümmere,
rapport,
uufnäh,
automate,
betriibt,
ruumt,
übernimmt,
chöschte,
c,
schade,
vandalismus,
aaklagt,
znüni,
verpasst,
bärli,
säson,
perfäkte,
erfrüschend,
chüelt,
nicole,
badzüg,
tüechli,
hänkt,
badhose,
schatteplätzli,
chäschtli,
iibschlosse,
brr,
chöpfler,
inegumpe,
schwümmer,
rücksicht,
längene,
schwümmsch,
schwümmschtiil,
kraul,
bruschtschwümme,
rüggeschwümme,
delfin,
schprungbrätt,
wasserrutschbahn,
attraktione,
sünnele,
verschlofe,
säckli,
arbetstag,
ania,
papi,
dschob,
bruni,
schneit,
windet,
üetlibärg,
dobe,
übere,
mittwuchnomittag,
donnschtigmorge,
friitigobig,
möbel,
langwiilig,
tochter,
hörbuech,
siis,
päckli,
zolldeklaration,
schluss,
sändwitsch,
schtock,
schliifschüele,
nochrichte,
autoschlüssel,
brülle,
gäbigschte,
tania,
umenand,
himbeeri,
schwigermueter,
sueched,
leih,
iischpringe,
alti,
füüf,
nüün,
schlofe,
mira,
langlöifle,
wärded,
europapark,
abschalte,
schriibe,
mäntigmobig,
tsiischtigmorge,
beschriibe,
blaue,
bsuecht,
nina,
wieder,
jojo,
höckle,
eher,
zuefall,
höibeeri,
überegäh,
butter,
öpfuchueche,
wosch,
öpfelchueche,
däm,
öpfelwehie,
öpfeltüne,
wörter,
brousi,
haut,
dialäktwörter,
gfalled,
uferschtande,
tütsche,
tierarzt,
fäll,
bürschte,
chatzechischtli,
süübere,
uhre,
schtö,
graduus,
abbüüge,
bank,
lappi,
they,
leischte,
schtriite,
umegumpe,
alls,
dating,
arbetswäg,
schnorchle,
füfer,
basel,
1,
4,
13,
15,
41,
56,
78,
80,
112,
117,
118,
144,
248,
500,
519,
943,
eli,
schteckdose,
sekündli,
wurscht,
post,
uufpasst,
gheit,
sucht,
griff,
entloh,
smartphone,
reagiersch,
während,
unglück,
verbringsch,
föteli,
soziale,
medie,
posted,
beieli,
be,
feischter,
allergisch,
biindlischtich,
tageställer,
getrennt,
schef,
fründlich,
nahrhaft,
verstohsch,
italiänisch,
russisch,
lüüter,
sölli,
halted,
verlangt,
chf,
hoffsch,
polizist,
loht,
arme,
wegbeschribig,
excüsi,
schweizerdütsch,
meier,
wa,
tscheggsch,
konjugation,
verbe,
erkläre,
stimme,
anderer,
nöd,
lässig,
rüebliturte,
gits,
rüeblisuppe,
snacks,
thanks,
my,
son,
were,
able,
set,
up,
but,
slightly,
different,
setting,
bänd,
vergiss,
fiirsch,
aastosse,
vorsätz,
hatue,
undernähmed,
grimselpass,
choched,
vegetarisches,
traditionells,
liechters,
beides,
paradiis,
wohnmobil,
gnüüse,
gipfel,
eimalig,
widerholed,
cämpingplatz,
plane,
beide,
tanzed,
iiverschtande,
siitwärts,
vüre,
dräie,
lingge,
erklärsch,
üebed,
tänzer,
dänked,
vergange,
uusschlofe,
amene,
hochziitsfäscht,
ghürote,
gfiiret,
jedes,
beat,
septämber,
fabio,
verschpötig,
fiigling,
triibe,
schwümmt,
rettig,
gabi,
hannah,
bliibsch,
chönnte,
funk,
rotwii,
gämsi,
murmeli,
eifachso,
glac,
probier,
kompliziert,
üebige,
sitze,
träniert,
uusrede,
turn,
dehne,
wehliidig,
robust,
unsensibel,
drufgängeri,
überleisch,
ritiseili,
vogelnäschtli,
zmörgelet,
trunke,
zwöits,
uufwache,
langi,
käfeled,
vorbereitet,
höi,
oschterhäsli,
nöiseeland,
lande,
landisch,
schiffli,
riite,
richtigs,
gschtung,
gschtole,
gschtunge,
mitzreise,
hej,
schpring,
dach,
plätzli,
aagurte,
wirtschaft,
wickingerässe,
schwiins,
knuschprig,
hilfeee,
herbert,
wach,
uff,
kulture,
risiko,
tröim,
erinnere,
alptraum,
op,
operation,
physiotherapöit,
nomal,
fäde,
usruhe,
smoothy,
liebt,
war,
abegsetzt,
covid,
chauf,
kod,
leihe,
helga,
wiehnachts,
iigchauft,
fruschtriert,
schpeziell,
aktione,
sonderaagebot,
früsch,
kollege,
alex,
versicheret,
chräftige,
schlag,
golfmobil,
verschtecke,
lauf,
längt,
mathi,
irgendwelchi,
iigschlage,
kolumbie,
zwöischprochigi,
mittelland,
tröpflet,
vormittag,
grägnet,
gwitteret,
gschtürmt,
schtärne,
podcasts,
gnoh,
überchume,
phantastisch,
schiipiste,
gondelbahn,
schwirige,
power,
nuk,
wotsch,
pöiselet,
gruch,
praktischi,
rahel,
farbigs,
farbige,
cüpli,
orangeschü,
moscht,
kafinbsp,
ä,
dörf,
seppi,
luegnbspdet,
kuule,
töff,
verschtoht,
verschtönd,
tschegg,
tramhaltschtell,
gilt,
billett,
zone,
hi,
koschtet,
tages,
zürcher,
chalbsgschnätzlets,
gschnätzlets,
scharf,
geniali,
schnapsidee,
gschpunne,
disco,
theater,
ziehnd,
jung,
boumgarte,
billigers,
schtammchundin,
gwundernase,
chällner,
schloft,
hizgi,
tüüf,
iischnufe,
uuschnufe,
pomfrit,
schpilobig,
mia,
seich,
schpezielle,
wunsch,
wunschlischte,
drühundert,
vierhundert,
zwölf,
china,
kapellbrugg,
chüel,
nass,
fall,
rhiifall,
uusflugsziil,
rhii,
sehenswürdigkeite,
nöchschtens,
taxi,
taxifahrer,
körperteil,
oberschänkel,
gschiider,
schpringt,
höcher,
intensiver,
zah,
zahbürschtli,
pilatus,
davos,
übertriibsch,
unverbesserliche,
blöffsack,
biisst,
gäbe,
miir,
angelruete,
cheibs,
riise,
zieht,
pack,
potzblitz,
monschter,
schrecke,
iigjagt,
sensation,
sensatione,
übertriibe,
allne,
riisige,
übertriib,
sältenere,
prachtsexemplar,
bessere,
delikatesse,
mäntigobig,
schpürhund,
hundeakademii,
schtränge,
megaschträng,
haarschnitt,
nett,
aagnähm,
kontrolle,
resultat,
znachtässe,
bankkonto,
eröffne,
vorname,
familiename,
uufenthaltserlaubnis,
ichaufe,
toll,
trennt,
dinne,
sauna,
schpaare,
hert,
schafffe,
renoviere,
luuter,
trinkt,
meer,
dschiins,
underhose,
socke,
chani,
abig,
lis,
mmh,
murtelauf,
ko,
fasch,
nein,
umgheit,
vertrampet,
beschtziit,
wichtigscht,
zellt,
murte,
rekord,
training,
durchhaltevermöge,
murtenlauf,
gschichtlichi,
sötte,
zuemache,
schtört,
uufmache,
liisliger,
schtelle,
übererutsche,
ufeztue,
buuchweh,
fieber,
ohreweh,
verchältet,
hueschte,
märt,
gschänk,
gsundheit,
ehe,
süessi,
täschene,
öpfelwähie,
mängi,
jol,
beziehig,
grosseletere,
grossvater,
verwöhnt,
betagt,
gebrächlich,
höche,
schaffet,
irem,
gägeschtänd,
erlaubt,
abfertigungshalle,
briefchaschte,
schicke,
behälter,
entsorge,
sünd,
klara,
hauptsach,
längiziit,
aagurtet,
snäck,
klappet,
schnüerli,
sicherheitskontrolle,
schtart,
öv,
annulliert,
schtressig,
ztue,
telefoniert,
güsel,
usebringe,
samichlaus,
bleich,
gschiid,
ängland,
oregon,
schtudiersch,
friburg,
nüüni,
it,
now,
öl,
räder,
liechter,
schtoss,
türe,
laggiere,
schtüür,
uufhöre,
jammere,
sächs,
acht,
oktober,
geburtstagsschtändli,
füfzgi,
schwach,
schwindlig,
wahrschiinlich,
übernoh,
geburi,
ärdbeeriturte,
ässed,
griifed,
schmöcke,
dräckigs,
übernähmed,
geburtstäg,
tschuttisch,
gfühlt,
blüete,
beliebter,
gwundrig,
final,
schwinger,
ambulanz,
kämpfe,
schtabilisiere,
holed,
gewunne,
lieblingstradition,
wunde,
verbinde,
verbinded,
knöchel,
schnällschte,
schönner,
schönschte,
langsamschte,
gföhrlich,
gföhrlicher,
gföhrlichschte,
dumm,
dümmer,
dümmschte,
aluminium,
haltschtell,
salze,
putz,
pfanne,
ruum,
ehemaa,
ehefrau,
gnüsst,
violinkonzärt,
entschpannsch,
entschpannt,
müesli,
joghurt,
härdöpfle,
vierte,
füfte,
nüünte,
sanitärinschtalatör,
vermieter,
kümmeret,
lutz,
vermuete,
tropft,
sanitäär,
verbiicho,
härzliche,
repariert,
elektronische,
grät,
wöschmaschine,
natel,
dringend,
schlitte,
schnee,
beiweh,
grippe,
hals,
tablettli,
zuetate,
bolognese,
bchamel,
lasagne,
schpäck,
raffle,
metallica,
tsiistig,
söllsch,
söttisch,
usruehe,
schtrandhüüsli,
pauer,
dezämber,
januar,
first,
June,
second,
July,
chorprobe,
vorbereitige,
huusbau,
cardinal,
ernähre,
saftdiät,
uusprobiert,
diäte,
ernährt,
saft,
ungeduldig,
fastfood,
süessigkeite,
verzichte,
machbar,
abznäh,
laktose,
gluten,
tipp,
abnäh,
übergwichtigi,
sorry,
umfahrig,
oschterwuchenänd,
gääl,
bruun,
wiiss,
goldig,
goudig,
tuusig,
zwöituusig,
drütuusig,
viertuusig,
füüftuusig,
sächstuusig,
sibetuusig,
achttuusig,
nüüntuusig,
zähtuusig,
wohör,
schpanie,
französin,
pol,
sri,
lanka,
mitrede,
iibürgere,
regiert,
gopfetori,
merke,
abschtimmigssunntig,
bildet,
referändum,
initiative,
bürger,
klub,
nationalitäte,
iibürgeret,
iibürgerigsprozäss,
aktuelle,
lüütet,
schwitze,
klimaalag,
schwül,
drückendi,
chalti,
kurt,
hahah,
schpinnsch,
notfall,
niemerem,
nuss,
mango,
stracciatella,
sorbet,
rahmglacene,
hitzeschlag,
einzige,
schprung,
limmat,
rundume,
schreied,
mitsamt,
notdienscht,
aazlüüte,
fischet,
112i,
notruef,
härkunftsland,
holen,
schlagrahm,
heisser,
allgemeini,
notruefnummere,
rettigssanitäter,
förschter,
gschperrt,
barfuess,
wise,
wösch,
hänke,
licht,
aaloh,
furze,
co2,
helm,
bruchsch,
bewilligung,
benützig,
rutschbahn,
foh,
verfüegbar,
uusgange,
wanderig,
pünktlich,
emol,
fühereruuswiis,
milliardär,
zuedrückt,
station,
buy,
ticket,
st,
galle,
ganzes,
decide,
dog,
ride,
skiing,
equipment,
with,
kombi,
whether,
there,
any,
discount,
tickets,
an,
empty,
seat,
its,
free,
rase,
mäie,
flach,
abegumpe,
ufefahre,
zält,
rucksack,
taschelampe,
wanderschueh,
durscht,
mässer,
täller,
gable,
schränkli,
kantine,
ändi,
pauserüümli,
kafimaschine,
tualette,
uuzschtoh,
rächtziitig,
wieso,
iss,
füehr,
nochhär,
uiuiui,
nussturte,
zuger,
nimms,
easy,
schträng,
iphone,
aanschträngend,
schnörre,
has,
trinkgäld,
erinnerisch,
aagfühlt,
geld,
schnälls,
brucht,
verstecke,
chef,
füehrsch,
luschtiger,
gschtorbe,
ornig,
passe,
passisch,
rägnet,
haglet,
schtürme,
gwitter,
gsundeheit,
allersiits,
verliide,
trottuar,
däne,
hässig,
mue,
missverschtändnis,
gschpannt,
platte,
landschtross,
fahrer,
überfahre,
autobahn,
gränze,
viniette,
dure,
bärg,
palme,
pfiil,
drone,
chäfig,
schtiif,
massiere,
tasse,
schrank,
arbetssüchtig,
überschtunde,
zvil,
bewusst,
bevor,
mischt,
teppich,
türkis,
hellbruun,
lieblingsfarb,
dunkelgrüen,
farb,
Jan,
gwöhnliche,
dominik,
hundsgwöhnliche,
stress,
schefin,
erledige,
amerika,
priorität,
geburtstagsgschänkli,
zäddel,
uusfülle,
gwöhnlichi,
prozedure,
beck,
schoggibrötli,
wüssed,
gradus,
rondo,
vielmal,
viola,
träte,
cappuccino,
lachsgipfeli,
kontakte,
pflege,
hundsgwöhnlichi,
dienschtleischtige,
lokali,
rolleschpil,
ipad,
reserviert,
wivilte,
mieter,
komfibrot,
verträg,
uusschtoh,
skeiteborde,
spiele,
schlittschueh,
höch,
gumpe,
srf,
änglischi,
avatar,
kaffi,
züglisch,
zügled,
früehlig,
homeoffice,
flexibli,
arbetsziite,
iizchaufe,
manuela,
ewan,
gäbiger,
verreise,
iitschegged,
pflücke,
schpringed,
bedien,
umewäg,
wachst,
partnerdini,
deit,
partnerdiinere,
fründinne,
gschwindigkeit,
bräms,
liechtsignal,
fuessgänger,
iiskafi,
ärdbeer,
mineralwasser,
roti,
bluemeschtruuss,
gälbe,
drückerli,
schiine,
schneie,
kuuli,
sohn,
läbesschtiil,
tennisplatz,
apothek,
hotel,
bankomat,
winti,
chindgottesli,
fondu,
caquelon,
erschgrad,
poschter,
berüehmti,
tänzeri,
meitli,
tanzschritt,
iis,
schiituure,
schneeschueh,
bob,
bedingige,
ideal,
schwarzsee,
offe,
piste,
früsche,
pulverschnee,
uusschtige,
gschtande,
verleert,
bin,
warms,
grossartige,
winterschportarte,
uusüebe,
schiint,
computer,
grossartigs,
tönsch,
uufregends,
fidel,
gedanke,
digitale,
dschungel,
schpilsch,
balkon,
feriewohnig,
renovierig,
rate,
sibenezwänzg,
messerli,
schüssed,
schreie,
situation,
aagriffe,
underschtross,
näb,
pauseplatz,
bewaffnet,
kaputzepulli,
jeans,
aagha,
schlank,
18i,
kämpft,
schlussändlich,
schwiizertütschkurs,
chunde,
uufsatz,
färnseh,
dräckig,
t,
hocked,
entschpann,
ghocket,
marc,
ghockt,
uusschtellig,
schtapferhuus,
länzburg,
fuuli,
umehockt,
sitzisch,
stefan,
holend,
kompiuter,
geim,
griifesee,
wahnsinnig,
huere,
bewegig,
abgsässe,
umehocke,
umeschpiide,
schtubehocker,
aktiv,
zämehocksch,
aariisst,
uusgliich,
läseratte,
ursprünglich,
tom,
lukas,
ächt,
churzem,
züglet,
softwär,
grafik,
näbebii,
chreis,
tatsächlich,
maxli,
löffel,
as,
ledig,
merzli,
veränderet,
pensionierig,
bänker,
zoge,
lehreri,
chindheit,
usenand,
buuchmuskle,
aaschpanne,
joo,
vilmal,
provence,
schprichsch,
jetzige,
blog,
tic,
kontakt,
ehemalige,
klassekollege,
uurschprünglich,
hobby,
ross,
gleitschirm,
heidelbeeri,
f,
ig,
feine,
jiu,
öpfeuchueche,
kän,
schaffhuse,
aues,
gäng,
spannend,
verschide,
max,
steffi,
komischi,
chöi,
biischpiu,
compl,
birchermüesli,
normals,
uusdrück,
ke,
mönsch,
schüffet,
u,
schnäu,
pärisou,
reeche,
üser,
eegete,
aui,
würde,
schnell,
regeschirm,
schnabel,
gwachse,
seislertütsch,
alltag,
underscheide,
bsunderi,
verschohsch,
wächslisch,
schpezifischi,
interschwiizerisch,
regionali,
sänder,
schwiizertütschi,
tegschte,
hüsler,
klage,
liged,
cousine,
oschterhääsli,
schoggieier,
verschwinde,
gebüsch,
nochegluegt,
gsägnets,
oschterfäscht,
oschtergruess,
chrischtus,
wahrhaftig,
wiehnachtslied,
wunschlos,
dankbar,
erwarted,
April,
frühe,
mai,
dis,
verantwortig,
uufgab,
chralle,
vertrag,
underschriibe,
verpflichte,
jedi,
energisch,
weich,
kuschelig,
chatze,
bire,
baschta,
choschtbari,
verchratzisch,
nuggi,
dinn,
chochet,
nochträgend,
vergibsch,
zwüschedure,
faschtet,
arbetsschtell,
liferig,
konzärtbileet,
abmache,
vorbereite,
tü,
hauterive,
sarine,
piknike,
tolpasch,
pronome,
nome,
have,
ersie,
should,
fründdinere,
ikea,
ufs,
chlinere,
kingsize,
funktione,
verwöhne,
günschtiger,
fählt,
lampe,
badzimmer,
haltisch,
viereggigi,
praktischer,
chuchichäschtli,
modärner,
zeichne,
youtube,
uusecho,
graziös,
video,
ups,
eifacher,
sauerei,
eh,
anderne,
fortschritt,
zoom,
hütige,
technologie,
rezäpt,
usecho,
komplizierti,
schwirigschte,
hallloo,
höred,
choschtbar,
duftcherzli,
böötlifahre,
wasserrächnig,
himmelswille,
früe,
plantsche,
benzin,
tschuttet,
verschrocke,
schätze,
halbschtund,
naja,
driissg,
flugi,
schtartet,
iitschegget,
chöme,
könnezleere,
ächte,
schöner,
direkt,
begägne,
lösche,
ächti,
begägnige,
min,
kurs,
pändle,
anderersiits,
wit,
gäbige,
umschtändliche,
verchehrsmittel,
iiztschegge,
flugzüg,
lieblingsapp,
warum,
kontaktfröidig,
räge,
läbed,
erika,
thomas,
schtrand,
reläxe,
jammerschad,
kolosseum,Colosseum
vatikan,
pasta,
gelato,
beniide,
schtrandferie,
entschpannig,
puur,
apropo,
interessiere,
gwünnt,
tolli,
freibier,
kroate,
gwünne,to win
mätsch,
gfröit,
gnüss,
besichtiget,
schon,
lieblingsässe,
fuessball,
tiim,
unterstützisch,
klimmzüg,
schpaghetti,
triatlethe,
anderem,
180km,
velofahre,ride bicycle
härzige,
rasse,
wiibli,
männli,
aazhalte,
lüt,
wanderwäg,
landesschproche,
fasnacht,
morgeschtraich,
uusgezeichnet,
kapere,
pepperoni,
roh,